Sun May 10 19:59:44 +0000 2015,RT @chicagobulls: When @kanyewest does an impromptu performance at the #Bulls game.. http://t.co/t0FBB2KSse
Sun May 10 19:59:44 +0000 2015,RT @chicagobulls: When @kanyewest does an impromptu performance at the #Bulls game.. http://t.co/t0FBB2KSse
Sun May 10 19:59:43 +0000 2015,RT @chicagobulls: When @kanyewest does an impromptu performance at the #Bulls game.. http://t.co/t0FBB2KSse
Sun May 10 19:59:43 +0000 2015,RT @chicagobulls: When @kanyewest does an impromptu performance at the #Bulls game.. http://t.co/t0FBB2KSse
Sun May 10 19:59:43 +0000 2015,RT @chicagobulls: When @kanyewest does an impromptu performance at the #Bulls game.. http://t.co/t0FBB2KSse
Sun May 10 19:59:43 +0000 2015,RT @chicagobulls: When @kanyewest does an impromptu performance at the #Bulls game.. http://t.co/t0FBB2KSse
Sun May 10 19:59:43 +0000 2015,RT @chicagobulls: When @kanyewest does an impromptu performance at the #Bulls game.. http://t.co/t0FBB2KSse
Sun May 10 19:59:43 +0000 2015,RT @chicagobulls: When @kanyewest does an impromptu performance at the #Bulls game.. http://t.co/t0FBB2KSse
Sun May 10 19:59:43 +0000 2015,RT @chicagobulls: When @kanyewest does an impromptu performance at the #Bulls game.. http://t.co/t0FBB2KSse
Sun May 10 19:59:43 +0000 2015,RT @chicagobulls: When @kanyewest does an impromptu performance at the #Bulls game.. http://t.co/t0FBB2KSse
Sun May 10 19:59:42 +0000 2015,Oh? RT @chicagobulls: When @kanyewest does an impromptu performance at the #Bulls game.. http://t.co/ji2NBektlr
Sun May 10 19:59:42 +0000 2015,RT @chicagobulls: When @kanyewest does an impromptu performance at the #Bulls game.. http://t.co/t0FBB2KSse
Sun May 10 19:59:42 +0000 2015,RT @chicagobulls: When @kanyewest does an impromptu performance at the #Bulls game.. http://t.co/t0FBB2KSse
Sun May 10 19:59:42 +0000 2015,RT @moesdeph: SOUTH SOUTH SOUTH SIDE RT @chicagobulls: When @kanyewest does an impromptu performance at the #Bulls game.. http://t.co/z37SW…
Sun May 10 19:59:42 +0000 2015,RT @chicagobulls: When @kanyewest does an impromptu performance at the #Bulls game.. http://t.co/t0FBB2KSse
Sun May 10 19:59:41 +0000 2015,RT @chicagobulls: When @kanyewest does an impromptu performance at the #Bulls game.. http://t.co/t0FBB2KSse
Sun May 10 19:59:41 +0000 2015,RT @chicagobulls: When @kanyewest does an impromptu performance at the #Bulls game.. http://t.co/t0FBB2KSse
Sun May 10 19:59:41 +0000 2015,RT @chicagobulls: When @kanyewest does an impromptu performance at the #Bulls game.. http://t.co/t0FBB2KSse
Sun May 10 19:59:41 +0000 2015,RT @chicagobulls: When @kanyewest does an impromptu performance at the #Bulls game.. http://t.co/t0FBB2KSse
Sun May 10 19:59:41 +0000 2015,RT @chicagobulls: When @kanyewest does an impromptu performance at the #Bulls game.. http://t.co/t0FBB2KSse
Sun May 10 19:59:41 +0000 2015,RT @chicagobulls: When @kanyewest does an impromptu performance at the #Bulls game.. http://t.co/t0FBB2KSse
Sun May 10 19:59:40 +0000 2015,RT @chicagobulls: When @kanyewest does an impromptu performance at the #Bulls game.. http://t.co/t0FBB2KSse
Sun May 10 19:59:40 +0000 2015,RT @chicagobulls: When @kanyewest does an impromptu performance at the #Bulls game.. http://t.co/t0FBB2KSse
Sun May 10 19:59:40 +0000 2015,RT @chicagobulls: When @kanyewest does an impromptu performance at the #Bulls game.. http://t.co/t0FBB2KSse
Sun May 10 19:59:40 +0000 2015,RT @chicagobulls: When @kanyewest does an impromptu performance at the #Bulls game.. http://t.co/t0FBB2KSse
Sun May 10 19:59:39 +0000 2015,RT @chicagobulls: When @kanyewest does an impromptu performance at the #Bulls game.. http://t.co/t0FBB2KSse
Sun May 10 19:59:39 +0000 2015,RT @chicagobulls: When @kanyewest does an impromptu performance at the #Bulls game.. http://t.co/t0FBB2KSse
Sun May 10 19:59:39 +0000 2015,RT @chicagobulls: When @kanyewest does an impromptu performance at the #Bulls game.. http://t.co/t0FBB2KSse
Sun May 10 19:59:38 +0000 2015,RT @chicagobulls: When @kanyewest does an impromptu performance at the #Bulls game.. http://t.co/t0FBB2KSse
Sun May 10 19:59:38 +0000 2015,RT @chicagobulls: When @kanyewest does an impromptu performance at the #Bulls game.. http://t.co/t0FBB2KSse
Sun May 10 19:59:38 +0000 2015,RT @chicagobulls: When @kanyewest does an impromptu performance at the #Bulls game.. http://t.co/t0FBB2KSse
Sun May 10 19:59:38 +0000 2015,RT @chicagobulls: When @kanyewest does an impromptu performance at the #Bulls game.. http://t.co/t0FBB2KSse
Sun May 10 19:59:38 +0000 2015,RT @chicagobulls: When @kanyewest does an impromptu performance at the #Bulls game.. http://t.co/t0FBB2KSse
Sun May 10 19:59:38 +0000 2015,RT @chicagobulls: When @kanyewest does an impromptu performance at the #Bulls game.. http://t.co/t0FBB2KSse
Sun May 10 19:59:38 +0000 2015,RT @chicagobulls: When @kanyewest does an impromptu performance at the #Bulls game.. http://t.co/t0FBB2KSse
Sun May 10 19:59:38 +0000 2015,RT @chicagobulls: When @kanyewest does an impromptu performance at the #Bulls game.. http://t.co/t0FBB2KSse
Sun May 10 19:59:37 +0000 2015,RT @chicagobulls: When @kanyewest does an impromptu performance at the #Bulls game.. http://t.co/t0FBB2KSse
Sun May 10 19:59:37 +0000 2015,RT @chicagobulls: When @kanyewest does an impromptu performance at the #Bulls game.. http://t.co/t0FBB2KSse
Sun May 10 19:59:37 +0000 2015,RT @chicagobulls: When @kanyewest does an impromptu performance at the #Bulls game.. http://t.co/t0FBB2KSse
Sun May 10 19:59:37 +0000 2015,RT @chicagobulls: When @kanyewest does an impromptu performance at the #Bulls game.. http://t.co/t0FBB2KSse
Sun May 10 19:59:37 +0000 2015,RT @chicagobulls: When @kanyewest does an impromptu performance at the #Bulls game.. http://t.co/t0FBB2KSse
Sun May 10 19:59:37 +0000 2015,RT @chicagobulls: When @kanyewest does an impromptu performance at the #Bulls game.. http://t.co/t0FBB2KSse
Sun May 10 19:59:36 +0000 2015,RT @chicagobulls: When @kanyewest does an impromptu performance at the #Bulls game.. http://t.co/t0FBB2KSse
Sun May 10 19:59:36 +0000 2015,RT @chicagobulls: When @kanyewest does an impromptu performance at the #Bulls game.. http://t.co/t0FBB2KSse
Sun May 10 19:59:36 +0000 2015,The only thing that Lebron makes look easy these days is a pass #Bulls #Cavs
Sun May 10 19:59:36 +0000 2015,RT @chicagobulls: When @kanyewest does an impromptu performance at the #Bulls game.. http://t.co/t0FBB2KSse
Sun May 10 19:59:36 +0000 2015,RT @chicagobulls: When @kanyewest does an impromptu performance at the #Bulls game.. http://t.co/t0FBB2KSse
Sun May 10 19:59:36 +0000 2015,#NBAPlayoffs East SF Game 4 #Bulls 28 #Cavs 26 End Of 1st Qtr
Sun May 10 19:59:36 +0000 2015,RT @chicagobulls: When @kanyewest does an impromptu performance at the #Bulls game.. http://t.co/t0FBB2KSse
Sun May 10 19:59:36 +0000 2015,RT @chicagobulls: When @kanyewest does an impromptu performance at the #Bulls game.. http://t.co/t0FBB2KSse
Sun May 10 19:59:35 +0000 2015,RT @chicagobulls: When @kanyewest does an impromptu performance at the #Bulls game.. http://t.co/t0FBB2KSse
Sun May 10 19:59:35 +0000 2015,RT @chicagobulls: When @kanyewest does an impromptu performance at the #Bulls game.. http://t.co/t0FBB2KSse
Sun May 10 19:59:35 +0000 2015,RT @chicagobulls: When @kanyewest does an impromptu performance at the #Bulls game.. http://t.co/t0FBB2KSse
Sun May 10 19:59:34 +0000 2015,RT @chicagobulls: When @kanyewest does an impromptu performance at the #Bulls game.. http://t.co/t0FBB2KSse
Sun May 10 19:59:34 +0000 2015,RT @chicagobulls: When @kanyewest does an impromptu performance at the #Bulls game.. http://t.co/t0FBB2KSse
Sun May 10 19:59:34 +0000 2015,Looking good #Bulls keep it up! Defeat the #Cavs
Sun May 10 19:59:34 +0000 2015,RT @chicagobulls: When @kanyewest does an impromptu performance at the #Bulls game.. http://t.co/t0FBB2KSse
Sun May 10 19:59:34 +0000 2015,RT @chicagobulls: When @kanyewest does an impromptu performance at the #Bulls game.. http://t.co/t0FBB2KSse
Sun May 10 19:59:34 +0000 2015,RT @chicagobulls: When @kanyewest does an impromptu performance at the #Bulls game.. http://t.co/t0FBB2KSse
Sun May 10 19:59:34 +0000 2015,L #DerrickRose #Bulls Derrick Rose 2008 Press Pass All Americans Holofoil RC 222/250 BGS 9.5 Gem… #NBA #Collectibles http://t.co/zxdr9OVMTf
Sun May 10 19:59:33 +0000 2015,RT @OnlyTheBulls: The only players to play more games for the #Bulls than Kirk: MJ and Scottie. #Goggles
Sun May 10 19:59:33 +0000 2015,End of 1Q #Bulls 28 #Cavs 26  LeBron 9pts 4r 3a Butler 9pts
Cavs FG 52.4% Bulls 52.2%
3pt Bulls 2/4  Cavs 2/6
Sun May 10 19:59:33 +0000 2015,RT @chicagobulls: When @kanyewest does an impromptu performance at the #Bulls game.. http://t.co/t0FBB2KSse
Sun May 10 19:59:33 +0000 2015,RT @chicagobulls: When @kanyewest does an impromptu performance at the #Bulls game.. http://t.co/t0FBB2KSse
Sun May 10 19:59:33 +0000 2015,RT @chicagobulls: When @kanyewest does an impromptu performance at the #Bulls game.. http://t.co/t0FBB2KSse
Sun May 10 19:59:33 +0000 2015,RT @CBullsbball: #Bulls lead #Cavs 28-26 at the end of the 1st quarter
Sun May 10 19:59:32 +0000 2015,RT @chicagobulls: When @kanyewest does an impromptu performance at the #Bulls game.. http://t.co/t0FBB2KSse
Sun May 10 19:59:32 +0000 2015,RT @chicagobulls: When @kanyewest does an impromptu performance at the #Bulls game.. http://t.co/t0FBB2KSse
Sun May 10 19:59:32 +0000 2015,RT @chicagobulls: When @kanyewest does an impromptu performance at the #Bulls game.. http://t.co/t0FBB2KSse
Sun May 10 19:59:32 +0000 2015,RT @chicagobulls: When @kanyewest does an impromptu performance at the #Bulls game.. http://t.co/t0FBB2KSse
Sun May 10 19:59:32 +0000 2015,RT @chicagobulls: When @kanyewest does an impromptu performance at the #Bulls game.. http://t.co/t0FBB2KSse
Sun May 10 19:59:32 +0000 2015,RT @DarrenPJr: @TheDestinyMarie  RT @chicagobulls: When @kanyewest does an impromptu performance at the #Bulls game.. http://t.co/R5sEKFqpkd
Sun May 10 19:59:31 +0000 2015,RT @chicagobulls: When @kanyewest does an impromptu performance at the #Bulls game.. http://t.co/t0FBB2KSse
Sun May 10 19:59:31 +0000 2015,RT @chicagobulls: When @kanyewest does an impromptu performance at the #Bulls game.. http://t.co/t0FBB2KSse
Sun May 10 19:59:31 +0000 2015,RT @chicagobulls: When @kanyewest does an impromptu performance at the #Bulls game.. http://t.co/t0FBB2KSse
Sun May 10 19:59:31 +0000 2015,RT @chicagobulls: When @kanyewest does an impromptu performance at the #Bulls game.. http://t.co/t0FBB2KSse
Sun May 10 19:59:31 +0000 2015,RT @chicagobulls: When @kanyewest does an impromptu performance at the #Bulls game.. http://t.co/t0FBB2KSse
Sun May 10 19:59:31 +0000 2015,RT @chicagobulls: When @kanyewest does an impromptu performance at the #Bulls game.. http://t.co/t0FBB2KSse
Sun May 10 19:59:31 +0000 2015,RT @chicagobulls: When @kanyewest does an impromptu performance at the #Bulls game.. http://t.co/t0FBB2KSse
Sun May 10 19:59:31 +0000 2015,Of course Jimmy Butler getting better was no accident- Thibs plays him 55min a game! Lol, had no choice but to get better. #Bulls
Sun May 10 19:59:30 +0000 2015,RT @chicagobulls: When @kanyewest does an impromptu performance at the #Bulls game.. http://t.co/t0FBB2KSse
Sun May 10 19:59:30 +0000 2015,RT @chicagobulls: When @kanyewest does an impromptu performance at the #Bulls game.. http://t.co/t0FBB2KSse
Sun May 10 19:59:30 +0000 2015,RT @chicagobulls: When @kanyewest does an impromptu performance at the #Bulls game.. http://t.co/t0FBB2KSse
Sun May 10 19:59:30 +0000 2015,RT @chicagobulls: When @kanyewest does an impromptu performance at the #Bulls game.. http://t.co/t0FBB2KSse
Sun May 10 19:59:30 +0000 2015,RT @chicagobulls: When @kanyewest does an impromptu performance at the #Bulls game.. http://t.co/t0FBB2KSse
Sun May 10 19:59:30 +0000 2015,RT @SportsQuotient: Derrick Rose has 9 points and the #Bulls lead the #Cavs 18-16! http://t.co/iNvIXSgIJK
Sun May 10 19:59:29 +0000 2015,RT @chicagobulls: When @kanyewest does an impromptu performance at the #Bulls game.. http://t.co/t0FBB2KSse
Sun May 10 19:59:29 +0000 2015,RT @chicagobulls: When @kanyewest does an impromptu performance at the #Bulls game.. http://t.co/t0FBB2KSse
Sun May 10 19:59:29 +0000 2015,RT @chicagobulls: When @kanyewest does an impromptu performance at the #Bulls game.. http://t.co/t0FBB2KSse
Sun May 10 19:59:29 +0000 2015,RT @chicagobulls: When @kanyewest does an impromptu performance at the #Bulls game.. http://t.co/t0FBB2KSse
Sun May 10 19:59:29 +0000 2015,RT @chicagobulls: When @kanyewest does an impromptu performance at the #Bulls game.. http://t.co/t0FBB2KSse
Sun May 10 19:59:29 +0000 2015,RT @chicagobulls: When @kanyewest does an impromptu performance at the #Bulls game.. http://t.co/t0FBB2KSse
Sun May 10 19:59:29 +0000 2015,RT @chicagobulls: When @kanyewest does an impromptu performance at the #Bulls game.. http://t.co/t0FBB2KSse
Sun May 10 19:59:29 +0000 2015,RT @chicagobulls: When @kanyewest does an impromptu performance at the #Bulls game.. http://t.co/t0FBB2KSse
Sun May 10 19:59:28 +0000 2015,RT @chicagobulls: When @kanyewest does an impromptu performance at the #Bulls game.. http://t.co/t0FBB2KSse
Sun May 10 19:59:28 +0000 2015,RT @chicagobulls: When @kanyewest does an impromptu performance at the #Bulls game.. http://t.co/t0FBB2KSse
Sun May 10 19:59:28 +0000 2015,RT @chicagobulls: When @kanyewest does an impromptu performance at the #Bulls game.. http://t.co/t0FBB2KSse
Sun May 10 19:59:28 +0000 2015,RT @chicagobulls: When @kanyewest does an impromptu performance at the #Bulls game.. http://t.co/t0FBB2KSse
Sun May 10 19:59:28 +0000 2015,RT @chicagobulls: When @kanyewest does an impromptu performance at the #Bulls game.. http://t.co/t0FBB2KSse
Sun May 10 19:59:27 +0000 2015,RT @chicagobulls: When @kanyewest does an impromptu performance at the #Bulls game.. http://t.co/t0FBB2KSse
